id;title;description;price
1;Handmade Cotton Table CSS;Mayotte Dynamic SAS;90268
2;Gloves real-time Tasty Fresh Chips;compress transmit Configuration;78529
3;intuitive high-level Sleek Rubber Mouse;Borders Designer calculating;47756
4;Kansas Accountability;Texas auxiliary;99140
5;Cotton Representative software;Bedfordshire calculating Toys;14541
6;Alaska Games quantify;bleeding-edge payment violet;8662
7;ivory Mouse;programming Licensed Plastic Bacon Consultant;88163
8;methodologies Yen;application;45473
9;turn-key Australian Dollar;panel;49455
10;navigating Club Practical Granite Chicken;generate Health deposit;37325
